Ref,Val,Package,PosX,PosY,Rot,Side
"BT1","Battery_Cell","BATT_CR2032_MPD",152.400000,-85.725000,135.000000,top
"C1","6.8n","C_0603_1608Metric",144.292000,-58.340000,0.000000,top
"C2","6.8n","C_0603_1608Metric",147.468000,-58.340000,0.000000,top
"C3","6.8n","C_0603_1608Metric",157.475000,-58.340000,0.000000,top
"C4","6.8n","C_0603_1608Metric",160.802000,-58.340000,0.000000,top
"C5","0.1u","C_0805_2012Metric",159.465000,-106.343000,270.000000,top
"C6","1u","C_0805_2012Metric",161.925000,-106.343000,90.000000,top
"D1","D_Schottky","D_SMF",139.441000,-52.244000,270.000000,top
"D2","D_Schottky","D_SMF",148.405000,-56.054000,180.000000,top
"D3","LED","LED_0603_1608Metric",144.775000,-50.720000,90.000000,top
"D4","LED","LED_0603_1608Metric",149.855000,-50.720000,90.000000,top
"D5","D_Schottky","D_SMF",155.267000,-56.054000,0.000000,top
"D6","D_Schottky","D_SMF",160.830000,-55.673000,180.000000,top
"D7","LED","LED_0603_1608Metric",153.665000,-50.720000,90.000000,top
"D8","LED","LED_0603_1608Metric",161.920000,-50.593000,90.000000,top
"D9","D_Schottky","D_SMF",143.325000,-53.641000,0.000000,top
"D10","D_Schottky","D_SMF",148.585000,-53.514000,0.000000,top
"D11","D_Schottky","D_SMF",155.316000,-53.514000,180.000000,top
"D12","D_Schottky","D_SMF",161.105000,-53.260000,0.000000,top
"D13","D_Schottky","D_SMF",31.322000,-69.210000,270.000000,top
"D14","LED","LED_0603_1608Metric",31.322000,-73.782000,270.000000,top
"D15","D_Schottky","D_SMF",153.665000,-42.973000,0.000000,top
"D16","LED","LED_0603_1608Metric",157.628000,-42.465000,0.000000,top
"D17","D_Schottky","D_SMF",27.766000,-69.210000,270.000000,top
"D18","LED","LED_0603_1608Metric",27.766000,-73.782000,270.000000,top
"D19","D_Schottky","D_SMF",153.665000,-38.147000,0.000000,top
"D20","LED","LED_0603_1608Metric",157.628000,-38.655000,0.000000,top
"D21","D_Schottky","D_SMF",153.665000,-35.480000,0.000000,top
"D22","LED","LED_0603_1608Metric",157.628000,-35.480000,0.000000,top
"D23","D_Schottky","D_SMF",153.538000,-32.940000,0.000000,top
"D24","LED","LED_0603_1608Metric",157.628000,-32.940000,0.000000,top
"D25","D_Schottky","D_SMF",153.538000,-30.400000,0.000000,top
"D26","LED","LED_0603_1608Metric",157.602000,-30.400000,0.000000,top
"D28","LED","LED_0603_1608Metric",157.628000,-27.860000,0.000000,top
"D29","D_Schottky","D_SMF",153.538000,-23.796000,180.000000,top
"D30","D_Schottky","D_SMF",29.845000,-104.140000,90.000000,top
"D31","D_Schottky","D_SMF",153.665000,-40.560000,0.000000,top
"D32","LED","LED_0603_1608Metric",157.602000,-40.560000,0.000000,top
"R1","1k","R_0603_1608Metric",143.505000,-69.922500,270.000000,top
"R2","1k","R_0603_1608Metric",146.680000,-69.922500,270.000000,top
"R3","10k","R_0603_1608Metric",140.812000,-69.135000,180.000000,top
"R4","10k","R_0603_1608Metric",150.008000,-69.135000,0.000000,top
"R5","1k","R_0603_1608Metric",144.775000,-47.545000,90.000000,top
"R6","1k","R_0603_1608Metric",149.855000,-47.392500,270.000000,top
"R7","1k","R_0603_1608Metric",156.357000,-69.922500,270.000000,top
"R8","1k","R_0603_1608Metric",159.532000,-69.770000,270.000000,top
"R9","10k","R_0603_1608Metric",153.665000,-69.135000,180.000000,top
"R10","10k","R_0603_1608Metric",163.495000,-69.135000,0.000000,top
"R11","1k","R_0603_1608Metric",153.665000,-47.392500,90.000000,top
"R12","1k","R_0603_1608Metric",161.920000,-47.392500,270.000000,top
"RN1","10k","R_Array_Convex_4x0603",29.290000,-78.100000,90.000000,top
"RN2","10k","R_Array_Convex_4x0603",161.285000,-31.670000,180.000000,top
"RN3","10k","R_Array_Convex_4x0603",161.285000,-40.560000,180.000000,top
"U1","VNLD5090","SO-8_3.9x4.9mm_P1.27mm",146.045000,-63.420000,90.000000,top
"U2","VNLD5090","SO-8_3.9x4.9mm_P1.27mm",158.897000,-63.420000,90.000000,top
"U4","ITEAD_HC-05","ITEAD_HC-05",150.495000,-118.110000,180.000000,top
"W1","TestPoint_2Pole","SM0805_jumper",131.445000,-38.735000,270.000000,top
"W2","TestPoint_2Pole","SM0805_jumper",123.190000,-38.735000,270.000000,top
"W3","TestPoint_2Pole","SM0805_jumper",119.628000,-44.450000,270.000000,top
"W4","TestPoint_2Pole","SM0805_jumper",114.935000,-38.735000,270.000000,top
"W5","TestPoint_2Pole","SM0805_jumper",111.125000,-44.450000,270.000000,top
"W6","TestPoint_2Pole","SM0805_jumper",107.315000,-38.735000,270.000000,top
"W7","TestPoint_2Pole","SM0805_jumper",103.505000,-44.450000,270.000000,top
"W8","TestPoint_2Pole","SM0805_jumper",99.695000,-38.735000,270.000000,top
"W9","TestPoint_2Pole","SM0805_jumper",94.615000,-44.450000,270.000000,top
"W10","TestPoint_2Pole","SM0805_jumper",90.805000,-38.735000,270.000000,top
"W11","TestPoint_2Pole","SM0805_jumper",86.995000,-44.450000,270.000000,top
"W12","TestPoint_2Pole","SM0805_jumper",83.185000,-38.735000,270.000000,top
"W13","TestPoint_2Pole","SM0805_jumper",79.375000,-44.450000,270.000000,top
"W14","TestPoint_2Pole","SM0805_jumper",74.930000,-38.735000,270.000000,top
"W15","TestPoint_2Pole","SM0805_jumper",71.120000,-44.450000,270.000000,top
"W16","TestPoint_2Pole","SM0805_jumper",67.310000,-38.735000,270.000000,top
"W17","TestPoint_2Pole","SM0805_jumper",63.500000,-44.450000,270.000000,top
"W18","TestPoint_2Pole","SM0805_jumper",59.690000,-38.735000,270.000000,top
"W19","TestPoint_2Pole","SM0805_jumper",55.880000,-44.450000,270.000000,top
"W20","TestPoint_2Pole","SM0805_jumper",52.070000,-38.735000,270.000000,top
"W21","TestPoint_2Pole","SM0805_jumper",48.260000,-44.450000,270.000000,top
"W22","TestPoint_2Pole","SM0805_jumper",44.450000,-38.735000,270.000000,top
"W23","TestPoint_2Pole","SM0805_jumper",36.830000,-38.735000,270.000000,top
"W24","TestPoint_2Pole","SM0805_jumper",125.730000,-38.735000,270.000000,top
"W25","TestPoint_2Pole","SM0805_jumper",121.920000,-44.450000,270.000000,top
"W26","TestPoint_2Pole","SM0805_jumper",118.110000,-38.735000,270.000000,top
"W27","TestPoint_2Pole","SM0805_jumper",113.665000,-44.450000,270.000000,top
"W28","TestPoint_2Pole","SM0805_jumper",109.855000,-38.735000,270.000000,top
"W29","TestPoint_2Pole","SM0805_jumper",106.045000,-44.450000,270.000000,top
"W30","TestPoint_2Pole","SM0805_jumper",102.235000,-38.735000,270.000000,top
"W31","TestPoint_2Pole","SM0805_jumper",98.425000,-44.450000,270.000000,top
"W32","TestPoint_2Pole","SM0805_jumper",93.345000,-38.735000,270.000000,top
"W33","TestPoint_2Pole","SM0805_jumper",89.535000,-44.450000,270.000000,top
"W34","TestPoint_2Pole","SM0805_jumper",85.725000,-38.735000,270.000000,top
"W35","TestPoint_2Pole","SM0805_jumper",81.915000,-44.450000,270.000000,top
"W36","TestPoint_2Pole","SM0805_jumper",78.105000,-38.735000,270.000000,top
"W37","TestPoint_2Pole","SM0805_jumper",73.660000,-44.450000,270.000000,top
"W38","TestPoint_2Pole","SM0805_jumper",69.850000,-38.735000,270.000000,top
"W39","TestPoint_2Pole","SM0805_jumper",66.040000,-44.450000,270.000000,top
"W40","TestPoint_2Pole","SM0805_jumper",62.230000,-38.735000,270.000000,top
"W41","TestPoint_2Pole","SM0805_jumper",58.420000,-44.450000,270.000000,top
"W42","TestPoint_2Pole","SM0805_jumper",54.610000,-38.735000,270.000000,top
"W43","TestPoint_2Pole","SM0805_jumper",50.800000,-44.450000,270.000000,top
"W44","TestPoint_2Pole","SM0805_jumper",46.990000,-38.735000,270.000000,top
"W45","TestPoint_2Pole","SM0805_jumper",41.910000,-38.735000,270.000000,top
"W46","TestPoint_2Pole","SM0805_jumper",128.905000,-44.450000,270.000000,top
"W47","TestPoint_2Pole","SM0805_jumper",124.460000,-44.450000,270.000000,top
"W48","TestPoint_2Pole","SM0805_jumper",120.650000,-38.735000,270.000000,top
"W49","TestPoint_2Pole","SM0805_jumper",116.205000,-44.450000,270.000000,top
"W50","TestPoint_2Pole","SM0805_jumper",112.395000,-38.735000,270.000000,top
"W51","TestPoint_2Pole","SM0805_jumper",108.585000,-44.450000,270.000000,top
"W52","TestPoint_2Pole","SM0805_jumper",104.775000,-38.735000,270.000000,top
"W53","TestPoint_2Pole","SM0805_jumper",100.965000,-44.450000,270.000000,top
"W54","TestPoint_2Pole","SM0805_jumper",95.885000,-38.735000,270.000000,top
"W55","TestPoint_2Pole","SM0805_jumper",92.075000,-44.450000,270.000000,top
"W56","TestPoint_2Pole","SM0805_jumper",88.265000,-38.735000,270.000000,top
"W57","TestPoint_2Pole","SM0805_jumper",84.455000,-44.450000,270.000000,top
"W58","TestPoint_2Pole","SM0805_jumper",80.645000,-38.735000,270.000000,top
"W59","TestPoint_2Pole","SM0805_jumper",76.200000,-44.450000,270.000000,top
"W60","TestPoint_2Pole","SM0805_jumper",72.390000,-38.735000,270.000000,top
"W61","TestPoint_2Pole","SM0805_jumper",68.580000,-44.450000,270.000000,top
"W62","TestPoint_2Pole","SM0805_jumper",64.770000,-38.735000,270.000000,top
"W63","TestPoint_2Pole","SM0805_jumper",60.960000,-44.450000,270.000000,top
"W64","TestPoint_2Pole","SM0805_jumper",57.150000,-38.735000,270.000000,top
"W65","TestPoint_2Pole","SM0805_jumper",53.340000,-44.450000,270.000000,top
"W66","TestPoint_2Pole","SM0805_jumper",49.530000,-38.735000,270.000000,top
"W67","TestPoint_2Pole","SM0805_jumper",45.720000,-44.450000,270.000000,top
"W68","TestPoint_2Pole","SM0805_jumper",39.370000,-38.735000,270.000000,top
